CREATE DATABASE  IF NOT EXISTS `for_office` /*!40100 DEFAULT CHARACTER SET utf8mb4 COLLATE utf8mb4_0900_ai_ci */ /*!80016 DEFAULT ENCRYPTION='N' */;
USE `for_office`;
-- MySQL dump 10.13  Distrib 8.0.38, for Win64 (x86_64)
--
-- Host: localhost    Database: for_office
-- ------------------------------------------------------
-- Server version	8.0.39

/*!40101 SET @OLD_CHARACTER_SET_CLIENT=@@CHARACTER_SET_CLIENT */;
/*!40101 SET @OLD_CHARACTER_SET_RESULTS=@@CHARACTER_SET_RESULTS */;
/*!40101 SET @OLD_COLLATION_CONNECTION=@@COLLATION_CONNECTION */;
/*!50503 SET NAMES utf8 */;
/*!40103 SET @OLD_TIME_ZONE=@@TIME_ZONE */;
/*!40103 SET TIME_ZONE='+00:00' */;
/*!40014 SET @OLD_UNIQUE_CHECKS=@@UNIQUE_CHECKS, UNIQUE_CHECKS=0 */;
/*!40014 SET @OLD_FOREIGN_KEY_CHECKS=@@FOREIGN_KEY_CHECKS, FOREIGN_KEY_CHECKS=0 */;
/*!40101 SET @OLD_SQL_MODE=@@SQL_MODE, SQL_MODE='NO_AUTO_VALUE_ON_ZERO' */;
/*!40111 SET @OLD_SQL_NOTES=@@SQL_NOTES, SQL_NOTES=0 */;

--
-- Table structure for table `lead_details_header_form`
--

DROP TABLE IF EXISTS `lead_details_header_form`;
/*!40101 SET @saved_cs_client     = @@character_set_client */;
/*!50503 SET character_set_client = utf8mb4 */;
CREATE TABLE `lead_details_header_form` (
  `record_no` int NOT NULL AUTO_INCREMENT,
  `created_by` varchar(45) DEFAULT NULL,
  `created_date` varchar(45) DEFAULT NULL,
  `form_status` varchar(45) NOT NULL DEFAULT 'SAVE',
  `lead_source` varchar(45) DEFAULT NULL,
  `ref_By` varchar(45) DEFAULT NULL,
  `ref_phone_no` varchar(45) DEFAULT NULL,
  `lead_type` varchar(45) DEFAULT NULL,
  `contact_person_name` varchar(45) DEFAULT NULL,
  `contact_person_phone_no` varchar(45) DEFAULT NULL,
  `contact_person_email` varchar(45) DEFAULT NULL,
  `contact_person_address` varchar(45) DEFAULT NULL,
  `lead_received_date` varchar(45) DEFAULT NULL,
  `updated_by` varchar(45) DEFAULT NULL,
  `updated_date` varchar(45) DEFAULT NULL,
  PRIMARY KEY (`record_no`)
) ENGINE=InnoDB AUTO_INCREMENT=199 DEFAULT CHARSET=utf8mb4 COLLATE=utf8mb4_0900_ai_ci;
/*!40101 SET character_set_client = @saved_cs_client */;

--
-- Dumping data for table `lead_details_header_form`
--

LOCK TABLES `lead_details_header_form` WRITE;
/*!40000 ALTER TABLE `lead_details_header_form` DISABLE KEYS */;
INSERT INTO `lead_details_header_form` VALUES (1,'admin','2024-09-15 14:21:50','SAVE','Direct_other','m','m','m','m','m','m','m','2024-09-11',NULL,NULL),(2,'admin','2024-09-15 14:26:22','SAVE','Direct_other','l','l','l','l','l','l','l','2024-09-11',NULL,NULL),(3,'admin','2024-09-15 14:26:39','OPEN','Direct_other','g','g','g','g','g','g','g','2024-09-11',NULL,NULL),(4,'admin','2024-09-15 14:27:40','SAVE','Direct_other','q','q','q','q','q','q','q','2024-09-11',NULL,NULL),(5,'admin','2024-09-15 14:28:04','SAVE','Direct_other','q','qqq','q','q','q','q','q','2024-09-11',NULL,NULL),(6,'admin','2024-09-15 14:29:06','DISQULIFIED','Email','m','dfghj','Dealer','awd','asd','asdasd','asd','2024-09-11',NULL,NULL),(7,'admin','2024-09-15 14:32:06','SAVE','Direct-other','m','n','Retailer','sd','asd','asd','ad','2024-09-09',NULL,NULL),(8,'admin','2024-09-15 14:33:00','OPEN','Email','m','n','Distributor','zs','as','asas','as','2024-09-25',NULL,NULL),(9,'admin','2024-09-15 14:34:38','SAVE','Direct-other','q','q','Distributor','asdf','kjxchkjsd','asdasd','asd','2024-09-24',NULL,NULL),(10,'admin','2024-09-15 14:36:32','SAVE','Direct-other','q','q','q','asdfg','sdfg','asdf','sdf','2024-09-27',NULL,NULL),(11,'admin','2024-09-15 14:38:01','DISQULIFIED','References','sdfgh','sdfg','Dealer','sdf','sdf','sdfg','sdf','2024-09-26',NULL,NULL),(12,'admin','2024-09-15 14:38:11','SAVE','References','sdfgh','sdfg','Dealer','sdf','sdf','sdfg','sdf','2024-09-26',NULL,NULL),(13,'admin','2024-09-15 14:39:13','DISQULIFIED','References','sdfgh','sdfg','Dealer','sdf','sdf','sdfg','sdf','2024-09-26',NULL,NULL),(14,'LTESTUSER1','2024-09-15 14:39:33','OPEN','Direct-other','asd','asdf','Retailer','sd','sdf','d','fdf','2024-10-03',NULL,NULL),(15,'LTESTUSER1','2024-09-15 14:41:00','SAVE','References','sdf','sdfg','Retailer','asdf','asdf','asdf','asdf','2024-10-02',NULL,NULL),(16,'LTESTUSER1','2024-09-15 14:42:54','SAVE','Direct_other','R','R','Retailer','asdf','asdf','asdf','asd','2024-09-26',NULL,NULL),(17,'LTESTUSER1','2024-09-15 14:43:32','SAVE','Direct-other','asdf','asd','Retailer','asdf','asd','asdf','asdf','2024-09-26',NULL,NULL),(18,'LTESTUSER1','2024-09-15 14:45:24','OPEN','Direct-other','QWERT','QWER','Distributor','QWE','QWEq','weqw','e','2024-10-09',NULL,NULL),(19,'LTESTUSER1','2024-09-15 14:55:43','OPEN','Direct_other','asd','asdf','Distributor','asdf','asd','asd','asd','2024-09-25',NULL,NULL),(20,'LTESTUSER1','2024-09-15 14:57:25','SAVE','Email','asdf','asdf','Retailer','asd','asd','asd','asd','2024-09-18',NULL,NULL),(21,'LTESTUSER1','2024-09-15 15:02:18','SAVE','References','asd','asdf','Distributor','asdf','asd','asd','asd','2024-09-27',NULL,NULL),(22,'LTESTUSER1','2024-09-15 15:04:02','SAVE','References','asd','asdf','Distributor','asdf','asd','asd','asd','2024-09-27',NULL,NULL),(23,'LTESTUSER1','2024-09-16 07:12:53','SAVE','Direct_other','asd','asd','Dealer','asd','asd','asd','asd','2024-10-02',NULL,NULL),(24,'LTESTUSER1','2024-09-16 07:53:59','OPEN','References','asdf','asd','Dealer','asd','asd','asd','asd','2024-09-18',NULL,NULL),(25,'LTESTUSER1','2024-09-16 07:56:53','SAVE','Direct_other','qwer','qwe','Distributor','qwer','qwer','qwer','qwer','2024-09-18',NULL,NULL),(26,'LTESTUSER1','2024-09-16 07:59:19','SAVE','References','asd','asd','Distributor','asd','asd','asd','as','2024-09-18',NULL,NULL),(27,'LTESTUSER1','2024-09-16 08:00:11','SAVE','Direct_other','lkjh','lkjh','Distributor','kjh','lkjh','lkjhg','lkjh','2024-09-18',NULL,NULL),(28,'LTESTUSER1','2024-09-16 08:02:40','OPEN','Direct_other','jkl','kl;lkj','Distributor','lkjh','lkjh','lkjh','lkjh','2024-09-18',NULL,NULL),(29,'LTESTUSER1','2024-09-16 08:08:27','DISQULIFIED','Direct_other','asdfgh','asdfg','Distributor','asdfg','asdfg','asdfg','asdf','2024-09-18',NULL,NULL),(30,'LTESTUSER1','2024-09-16 08:10:50','SAVE','Direct_other','asdf','sdfg','Distributor','asdfg','xcv','sdfg','sdf','2024-09-18',NULL,NULL),(31,'LTESTUSER1','2024-09-16 08:11:23','OPEN','Direct_other','poiuyt','rtyu','Distributor','tyui','tyui','fghj','cvbn','2024-09-18',NULL,NULL),(32,'LTESTUSER1','2024-09-16 08:11:44','SAVE','Direct_other','q','q','Dealer','q','q','q','q','2024-09-15',NULL,NULL),(33,'LTESTUSER1','2024-09-16 08:12:13','SAVE','Direct_other','zxcv','xcv','Distributor','xcv','xcv','xcv','xcv','2024-09-18',NULL,NULL),(34,'LTESTUSER1','2024-09-16 08:13:10','DISQULIFIED','Direct_other','mnb','mnbv','Distributor','mnb','mnb','mnb','mnb','2024-09-18',NULL,NULL),(35,'LTESTUSER1','2024-09-16 08:14:26','SAVE','Direct_other','uiop','uiop','Distributor','hjkl','hjkl','hjkl','hjkl','2024-09-18',NULL,NULL),(36,'LTESTUSER1','2024-09-16 08:16:00','OPEN','Direct_other','g','g','Distributor','g','g','g','g','2024-09-18',NULL,NULL),(37,'LTESTUSER1','2024-09-16 08:16:23','SAVE','Direct_other','q','q','Distributor','q','q','q','q','2024-09-10',NULL,NULL),(38,'LTESTUSER1','2024-09-16 08:17:17','SAVE','Direct_other','q','q','Distributor','q','q','q','q','2024-09-10',NULL,NULL),(39,'LTESTUSER1','2024-09-16 08:21:30','SAVE','Direct_other','q','q','Distributor','q','q','q','q','2024-09-10',NULL,NULL),(40,'LTESTUSER1','2024-09-16 08:22:19','SAVE','Direct_other','dfgh','fghj','Distributor','fgh','fgh','fgh','fgh','2024-09-18',NULL,NULL),(41,'admin','2024-09-16 08:55:19','DISQULIFIED','Email','q','q','Dealer','q','q','q','q','2024-09-15',NULL,NULL),(42,'admin','2024-09-16 08:56:44','SAVE','Direct_other','zxcv','zxcvb','Distributor','zxcv','zxcv','zxcv','zxcv','2024-09-18',NULL,NULL),(43,'admin','2024-09-16 10:25:24','SAVE','References','asd','asd','Distributor','asd','asd','asd','as','2024-09-18',NULL,NULL),(44,'LTESTUSER1','2024-09-16 10:27:16','DISQULIFIED','References','asd','asd','Distributor','asd','asd','asd','asDF','2024-09-18',NULL,NULL),(45,'LTESTUSER1','2024-09-16 10:28:48','SAVE','References','asd','asd','Distributor','asd','asd','asd','asDF','2024-09-18',NULL,NULL),(46,'LTESTUSER1','2024-09-16 10:58:50','SAVE','Direct_other','zxcv','zxcv','Dealer','q','q','q','q','2024-09-10',NULL,NULL),(47,'LTESTUSER1','2024-09-16 10:59:23','OPEN','Direct_other','zxcv','zxcv','Dealer','q','q','q','q','2024-09-22',NULL,NULL),(48,'LTESTUSER1','2024-09-16 11:03:50','SAVE','Direct_other','zxcv','zxcv','Distributor','mnbv','mnbv','mnbv','mnb','2024-09-18',NULL,NULL),(49,'LTESTUSER1','2024-09-16 11:28:02','DISQULIFIED','Direct_other','oiu','zxcv','Dealer','q','q','q','q','2024-09-22',NULL,NULL),(50,'LTESTUSER1','2024-09-16 11:54:26','SAVE','Direct_other','qwer','wer','Distributor','q','q','q','q','2024-09-09',NULL,NULL),(51,'LTESTUSER1','2024-09-16 15:57:45','SAVE','Email','q','q','Dealer','asd','asd','asd','asd','2025-01-02',NULL,NULL),(52,'LTESTUSER1','2024-09-16 16:01:25','SAVE','Direct_other','jkl','jkl','jkl','jkl','jkl','jkl;','jkl','2024-09-11',NULL,NULL),(53,'LTESTUSER1','2024-09-16 16:49:21','SAVE','Direct_other','asdfg','asdf','asd','fasdf','gsdf','gasd','fasd','2024-09-11',NULL,NULL),(54,'LTESTUSER1','2024-09-16 16:54:57','SAVE','Direct_other','q','q','q','q','','q','q','2024-09-11',NULL,NULL),(55,'LTESTUSER1','2024-09-16 17:06:15','SAVE','Direct_other','asd','asd','Individual','q','q','q','asd','2024-09-11',NULL,NULL),(56,'LTESTUSER1','2024-09-16 17:06:18','SAVE','Direct_other','asd','asd','Individual','q','q','q','asd','2024-09-11',NULL,NULL),(57,'LTESTUSER1','2024-09-16 17:06:41','SAVE','Direct_other','asd','asd','Individual','q','q','q','asd','2024-09-11',NULL,NULL),(58,'LTESTUSER1','2024-09-16 17:06:47','SAVE','Direct_other','asd','asd','Individual','q','q','q','asd','2024-09-11',NULL,NULL),(59,'LTESTUSER1','2024-09-16 17:06:48','SAVE','Direct_other','asd','asd','Individual','q','q','q','asd','2024-09-11',NULL,NULL),(60,'LTESTUSER1','2024-09-16 17:06:48','SAVE','Direct_other','asd','asd','Individual','q','q','q','asd','2024-09-11',NULL,NULL),(61,'LTESTUSER1','2024-09-16 17:06:48','SAVE','Direct_other','asd','asd','Individual','q','q','q','asd','2024-09-11',NULL,NULL),(62,'LTESTUSER1','2024-09-16 17:06:48','SAVE','Direct_other','asd','asd','Individual','q','q','q','asd','2024-09-11',NULL,NULL),(63,'LTESTUSER1','2024-09-16 17:08:03','SAVE','References','q','q','Dealer','q','q','q','q','2024-09-16',NULL,NULL),(64,'LTESTUSER1','2024-09-16 17:15:19','SAVE','Direct_other','q','qq','Individual','q','q','q','q','2024-09-25',NULL,NULL),(65,'LTESTUSER1','2024-09-16 17:16:37','SAVE','Direct_other','q','q','Retailer','q','q','q','q','2024-09-16',NULL,NULL),(66,'LTESTUSER1','2024-09-16 17:16:56','SAVE','Direct_other','q','q','Retailer','q','q','q','q','2024-09-16',NULL,NULL),(67,'LTESTUSER1','2024-09-16 17:17:58','SAVE','','','','','','','','','',NULL,NULL),(68,'LTESTUSER1','2024-09-16 17:22:16','SAVE','','','','','','','','','',NULL,NULL),(69,'LTESTUSER1','2024-09-16 17:30:39','SAVE','Direct_other','q','q','Retailer','q','q','q','q','2024-09-10',NULL,NULL),(70,'LTESTUSER1','2024-09-16 17:31:19','SAVE','Direct_other','q','q','Retailer','q','q','q','q','2024-09-27',NULL,NULL),(71,'LTESTUSER1','2024-09-16 17:31:55','SAVE','Direct_other','q','q','Distributor','q','q','q','qqq','2024-09-18',NULL,NULL),(72,'LTESTUSER1','2024-09-16 17:37:03','SAVE','Direct_other','h','uih','Retailer','hui','ui','i','ji','2027-02-05',NULL,NULL),(73,'LTESTUSER1','2024-09-16 17:39:49','SAVE','Direct_other','q','q','Dealer','q','q','q','q','2024-10-02',NULL,NULL),(74,'','2024-09-16 17:40:48','SAVE','Direct_other','q','q','Distributor','q','q','q','q','2024-09-16',NULL,NULL),(75,'LTESTUSER1','2024-09-16 17:43:22','SAVE','Direct_other','qq','q','Distributor','q','q','q','q','2024-09-19',NULL,NULL),(76,'LTESTUSER1','2024-09-16 17:44:04','SAVE','Direct_other','asd','q','Individual','q','q','qq','q','2024-09-11',NULL,NULL),(77,'LTESTUSER1','2024-09-17 08:26:23','SAVE','References','q','q','Distributor','q','q','q','q','2024-09-09',NULL,NULL),(78,'LTESTUSER1','2024-09-17 08:28:27','SAVE','References','q','q','Distributor','q','q','q','q','2024-09-09',NULL,NULL),(79,'LTESTUSER1','2024-09-17 08:30:16','SAVE','Direct_other','ww','w','Retailer','w','w','ww','q','2024-10-11',NULL,NULL),(80,'LTESTUSER1','2024-09-17 08:32:03','SAVE','Direct_other','p','p','Retailer','p','pp','p','p','2024-09-27',NULL,NULL),(81,'LTESTUSER1','2024-09-17 08:32:09','SAVE','','','','','','','','','',NULL,NULL),(82,'LTESTUSER1','2024-09-17 08:35:47','SAVE','Direct_other','q','q','Distributor','q','q','q','q','2024-09-17',NULL,NULL),(83,'LTESTUSER1','2024-09-17 08:38:20','SAVE','Direct_other','l','l','Distributor','l','l','l','l','2024-09-08',NULL,NULL),(84,'LTESTUSER1','2024-09-17 08:40:24','SAVE','References','w','w','Distributor','w','w','w','w','2024-10-11',NULL,NULL),(85,'LTESTUSER1','2024-09-17 08:44:41','SAVE','References','w','w','Distributor','w','w','w','w','2024-09-17',NULL,NULL),(86,'LTESTUSER1','2024-09-17 08:44:41','SAVE','References','w','w','Distributor','w','w','w','w','2024-09-17',NULL,NULL),(87,'LTESTUSER1','2024-09-17 08:45:35','SAVE','Direct_other','p','p','Distributor','p','p','p','p','2024-09-17',NULL,NULL),(88,'LTESTUSER1','2024-09-17 08:45:42','SAVE','','','','Choose Lead Type','','','','','',NULL,NULL),(89,'LTESTUSER1','2024-09-17 08:50:22','SAVE','Direct_other','u','u','Retailer','u','u','u','u','2024-09-17',NULL,NULL),(90,'LTESTUSER1','2024-09-17 08:51:33','SAVE','Direct_other','f','f','Distributor','f','f','f','f','2024-09-17',NULL,NULL),(91,'LTESTUSER1','2024-09-17 09:00:51','SAVE','References','q','q','Distributor','q','q','q','q','2024-10-10',NULL,NULL),(92,'LTESTUSER1','2024-09-17 09:06:07','SAVE','Email','m','m','Distributor','m','m','m','m','2024-09-17',NULL,NULL),(93,'LTESTUSER1','2024-09-17 09:06:59','SAVE','Direct_other','q','q','Individual','q','q','q','q','2024-09-17',NULL,NULL),(94,'LTESTUSER1','2024-09-17 09:09:41','SAVE','Direct_other','g','g','Distributor','gg','g','g','g','2024-09-17',NULL,NULL),(95,'LTESTUSER1','2024-09-17 09:10:12','SAVE','Direct_other','q','q','Retailer','q','qq','q','q','2024-09-17',NULL,NULL),(96,'LTESTUSER1','2024-09-17 09:11:00','SAVE','References','asdf','asdf','Dealer','asd','asd','asd','asdf','2024-09-17',NULL,NULL),(97,'LTESTUSER1','2024-09-17 09:11:27','SAVE','References','qwe','qwe','Distributor','qwe','qwe','qwe','qwe','2024-09-17',NULL,NULL),(98,'LTESTUSER1','2024-09-17 09:16:14','SAVE','References','q','q','Individual','q','q','q','q','2024-09-17',NULL,NULL),(99,'LTESTUSER1','2024-09-17 09:17:46','SAVE','References','p','p','Retailer','p','p','q','pp','2024-09-17',NULL,NULL),(100,'LTESTUSER1','2024-09-17 09:20:53','SAVE','References','p','p','Distributor','pp','p','p','p','2024-09-17',NULL,NULL),(101,'LTESTUSER1','2024-09-17 09:24:00','SAVE','Direct_other','p','p','Retailer','p','p','p','p','2024-09-17',NULL,NULL),(102,'LTESTUSER1','2024-09-17 09:26:01','SAVE','Direct_other','asdf','qq','Distributor','asd','asd','asd','p','2024-09-17',NULL,NULL),(103,'LTESTUSER1','2024-09-17 09:26:45','SAVE','Direct_other','q','q','Retailer','qq','q','q','q','2024-09-17',NULL,NULL),(104,'LTESTUSER1','2024-09-17 09:27:13','SAVE','Direct_other','q','q','Distributor','q','s','q','q','2024-09-17',NULL,NULL),(105,'LTESTUSER1','2024-09-17 09:29:35','SAVE','Direct_other','qwert','qwer','Retailer','qwe','qwe','qwer','qwe','2024-09-17',NULL,NULL),(106,'LTESTUSER1','2024-09-17 09:30:17','SAVE','Direct_other','qw','h','Dealer','q','n','q','q','2024-09-17',NULL,NULL),(107,'LTESTUSER1','2024-09-17 09:30:50','SAVE','References','q','qq','Retailer','q','q','qq','q','2024-09-17',NULL,NULL),(108,'LTESTUSER1','2024-09-17 09:32:10','SAVE','References','a','q','Retailer','q','q','q','q','2024-09-17',NULL,NULL),(109,'LTESTUSER1','2024-09-17 09:33:47','SAVE','Direct_other','q','q','Distributor','qq','q','q','q','2024-09-17',NULL,NULL),(110,'LTESTUSER1','2024-09-17 09:35:42','SAVE','Email','qq','q','Individual','q','q','q','qq','2024-09-17',NULL,NULL),(111,'LTESTUSER1','2024-09-17 09:37:29','SAVE','References','qq','q','Individual','q','q','q','q','2024-09-17',NULL,NULL),(112,'LTESTUSER1','2024-09-17 10:25:16','SAVE','References','q','q','Retailer','m','q','qq','q','2024-09-06',NULL,NULL),(113,'LTESTUSER1','2024-09-17 11:04:44','SAVE','Email','a','q','Retailer','q','q','q','q','2024-09-17',NULL,NULL),(114,'LTESTUSER1','2024-09-17 11:05:56','SAVE','Direct_other','qq','q','Distributor','q','qq','n','q','2024-09-17',NULL,NULL),(115,'LTESTUSER1','2024-09-17 11:06:56','SAVE','Direct_other','qq','qq','Retailer','j','q','q','q','2024-09-17',NULL,NULL),(116,'LTESTUSER1','2024-09-17 11:29:29','SAVE','Direct_other','q','q','Retailer','q','q','q','q','2024-09-17',NULL,NULL),(117,'LTESTUSER1','2024-09-17 11:31:00','SAVE','References','q','q','Individual','q','q','qq','q','2024-09-17',NULL,NULL),(118,'LTESTUSER1','2024-09-17 11:31:59','SAVE','Direct_other','q','q','Retailer','qq','qq','q','q','2024-09-17',NULL,NULL),(119,'LTESTUSER1','2024-09-17 11:32:22','SAVE','Direct_other','q','q','Individual','qq','q','q','q','2024-09-19',NULL,NULL),(120,'LTESTUSER1','2024-09-17 11:34:49','SAVE','References','q','q','Retailer','i','i','i','i','2024-09-05',NULL,NULL),(121,'LTESTUSER1','2024-09-17 11:36:33','SAVE','Direct_other','b','b','Dealer','b','b','b','bb','2024-09-17',NULL,NULL),(122,'LTESTUSER1','2024-09-17 11:37:19','SAVE','Direct_other','q','q','Distributor','q','q','q','q','2024-09-17',NULL,NULL),(123,'LTESTUSER1','2024-09-17 11:38:37','SAVE','References','w','w','Distributor','ww','w','ww','s','2024-10-04',NULL,NULL),(124,'LTESTUSER1','2024-09-17 11:39:50','SAVE','Direct_other','ww','w','Individual','w','ww','w','w','2024-09-17',NULL,NULL),(125,'LTESTUSER1','2024-09-17 11:42:21','SAVE','Email','w','w','Retailer','ww','w','w','w','2024-09-17',NULL,NULL),(126,'LTESTUSER1','2024-09-17 11:45:37','SAVE','References','w','w','Dealer','w','w','w','w','2024-09-17',NULL,NULL),(127,'LTESTUSER1','2024-09-17 11:49:54','SAVE','References','ww','w','Distributor','w','a','w','w','2024-09-17',NULL,NULL),(128,'LTESTUSER1','2024-09-17 11:50:55','SAVE','Direct_other','ww','d','Retailer','w','w','w','w','2024-09-17',NULL,NULL),(129,'LTESTUSER1','2024-09-17 11:51:31','SAVE','Direct_other','w','w','Dealer','w','w','w','ww','2024-10-11',NULL,NULL),(130,'LTESTUSER1','2024-09-17 11:52:52','SAVE','References','q','q','Retailer','a','q','q','q','2024-10-11',NULL,NULL),(131,'LTESTUSER1','2024-09-17 11:53:46','SAVE','References','w','w','Distributor','ww','ww','w','w','2024-10-05',NULL,NULL),(132,NULL,'2024-09-17 13:09:04','SAVE','Email','q','q','Distributor','q','q','q','q','2024-09-11',NULL,NULL),(133,'','2024-09-18 08:08:59','SAVE','Email','antosh','987','Distributor','anktosh','9847','antosh@gmail.com','lkjhe','2025-01-01',NULL,NULL),(134,NULL,'2024-09-18 08:18:16','SAVE','References','hu','kjih','Individual','.',';k','k','k','2025-01-03',NULL,NULL),(135,NULL,'2024-09-18 08:18:51','SAVE','Email','iougy','hug','Dealer','hnjkbu','jk','gu','gu','2025-01-03',NULL,NULL),(136,NULL,'2024-09-18 08:19:51','SAVE','Direct_other','','','Dealer','asd','asd','q','p','2026-02-01',NULL,NULL),(137,NULL,'2024-09-18 08:20:28','SAVE','Direct_other','ujij','lokijhuh','Retailer','jdiw','asd','kopiug','q','2025-01-02',NULL,NULL),(138,NULL,'2024-09-18 08:27:45','SAVE','Direct_other','','','Distributor','lki','koijh','h','bui','2025-01-01',NULL,NULL),(139,NULL,'2024-09-18 08:33:15','SAVE','','','','Choose Lead Type','','','','','',NULL,NULL),(140,NULL,'2024-09-18 08:33:46','SAVE','','','','Choose Lead Type','','','','','',NULL,NULL),(141,NULL,'2024-09-18 08:34:01','SAVE','','','','Choose Lead Type','','','','','',NULL,NULL),(142,NULL,'2024-09-18 08:34:12','SAVE','','','','Choose Lead Type','','','','','',NULL,NULL),(143,NULL,'2024-09-18 08:36:01','SAVE','','','','Choose Lead Type','','','','','',NULL,NULL),(144,NULL,'2024-09-18 08:38:10','SAVE','References','asdf','asd','Individual','asd','asd','asd','asd','2024-09-17',NULL,NULL),(145,'','2024-09-18 09:47:13','SAVE','Direct_other','KJIDU','w','Dealer','KJIDN','q','ww','IKN','2025-02-02',NULL,NULL),(146,NULL,'2024-09-18 09:47:53','SAVE','','','','Choose Lead Type','','','','','',NULL,NULL),(147,NULL,'2024-09-18 09:48:27','SAVE','Direct_other','q','HG','Dealer','kijohugy','njhbvgt','qq','asd','2024-01-01',NULL,NULL),(148,NULL,'2024-09-18 09:48:53','SAVE','Direct_other','miofei','fmeiof','Distributor','mfoimefnio','nin','iu','niu','2026-01-01',NULL,NULL),(149,NULL,'2024-09-18 09:50:37','SAVE','','','','Choose Lead Type','','','','','',NULL,NULL),(150,NULL,'2024-09-18 09:50:38','SAVE','','','','Choose Lead Type','','','','','',NULL,NULL),(151,NULL,'2024-09-18 09:50:39','SAVE','','','','Choose Lead Type','','','','','',NULL,NULL),(152,NULL,'2024-09-18 09:51:05','SAVE','','','','Choose Lead Type','','','','','',NULL,NULL),(153,NULL,'2024-09-18 09:51:23','SAVE','','','','Choose Lead Type','','','','','',NULL,NULL),(154,NULL,'2024-09-18 09:51:38','SAVE','','','','Choose Lead Type','','','','','',NULL,NULL),(155,NULL,'2024-09-18 09:51:52','SAVE','','','','Choose Lead Type','','','','','',NULL,NULL),(156,NULL,'2024-09-18 09:52:23','SAVE','','','','Choose Lead Type','','','','','',NULL,NULL),(157,NULL,'2024-09-18 09:52:35','SAVE','','','','Choose Lead Type','','','','','',NULL,NULL),(158,'','2024-09-18 11:57:54','SAVE','Direct_other','HJ','J','Choose Lead Type','JH','JHJH','JH','JH','2025-01-02',NULL,NULL),(159,NULL,'2024-09-18 12:05:53','SAVE','References','w','w','Distributor','w','w','q','w','2024-09-18',NULL,NULL),(160,NULL,'2024-09-18 12:09:00','SAVE','Direct_other','q','q','Dealer','','','','','',NULL,NULL),(161,NULL,'2024-09-18 12:15:49','SAVE','Direct_other','q','w','Choose Lead Type','','','','','2024-09-18',NULL,NULL),(162,NULL,'2024-09-18 12:16:30','SAVE','Direct_other','q','w','Choose Lead Type','','','','','2024-09-18',NULL,NULL),(163,NULL,'2024-09-18 12:17:22','SAVE','Direct_other','q','w','Choose Lead Type','','','','','2024-09-18',NULL,NULL),(164,NULL,'2024-09-18 12:19:07','SAVE','Direct_other','q','w','Choose Lead Type','','','','','2024-09-18',NULL,NULL),(165,NULL,'2024-09-18 12:20:15','SAVE','Direct_other','q','w','Choose Lead Type','','','','','2024-09-18',NULL,NULL),(166,NULL,'2024-09-18 12:22:27','SAVE','Direct_other','q','w','Choose Lead Type','','','','','2024-09-18',NULL,NULL),(167,'admin','2024-09-18 12:27:09','SAVE','Direct_other','q','w','Choose Lead Type','','','','','2024-09-18',NULL,NULL),(168,'admin','2024-09-18 12:28:12','SAVE','Direct_other','q','w','Choose Lead Type','','','','','2024-09-18',NULL,NULL),(169,'admin','2024-09-18 12:29:20','SAVE','Direct_other','q','w','Choose Lead Type','','','','','2024-09-18',NULL,NULL),(170,'admin','2024-09-18 12:36:08','SAVE','References','Antoish','987654321','Distributor','asdf','asd','asd','asdfg','2024-09-18',NULL,NULL),(171,'admin','2024-09-18 12:37:38','SAVE','Direct_other','','','Choose Lead Type','','','','','2024-09-18',NULL,NULL),(172,'admin','2024-09-18 14:06:03','SAVE','Direct_other','q','q','Dealer','q','q','q','q','2024-09-18',NULL,NULL),(173,'admin','2024-09-18 14:23:34','SAVE','Direct_other','','','Choose Lead Type','','','','','2024-09-18',NULL,NULL),(174,'admin','2024-09-18 14:49:09','SAVE','Email','Karan','987654345','Dealer','asdf','asd','asd','asdfg','2024-09-10',NULL,NULL),(175,'admin','2024-09-18 14:58:21','SAVE','References','Aman','878656782','Dealer','Gangland','878675467','gangland123@gmail.com','lorem ipsum','2024-09-01',NULL,NULL),(176,'admin','2024-09-18 15:19:37','SAVE','Email','Kishore','897864637','Dealer','Tusar','986754671','tusar@gmail.com','lorem ipsum','2024-09-18',NULL,NULL),(177,'admin','2024-09-27 16:15:59','SAVE','Email','Antos','9876543210','Dealer','w','p','q','q','2024-09-25',NULL,NULL),(178,'admin','2024-10-05 09:00:13','SAVE','Email','Antos','9876543210','Dealer','asd','09876543210','ghj@gmail.com','lorem ipsum','2024-10-09',NULL,NULL),(179,'admin','2024-10-05 09:15:09','SAVE','Email','Antos','9876543210','Dealer','asd','9876543210','ghj@gmail.com','lorem ipsum','2024-10-09',NULL,NULL),(180,'admin','2024-10-05 10:35:46','SAVE','Email','Antos','9876543210','Dealer','asd','9876543','ghj@gmail.com','lorem ipsum','2024-10-09',NULL,NULL),(181,'admin','2024-10-07 08:40:39','SAVE','Email','','','Dealer','Antosh','9876543210','antosh@gmail.com','lorem ipsum','2024-10-07',NULL,NULL),(182,'admin','2024-10-07 10:46:54','SAVE','Email','q','9876543210','Dealer','q','9876543210','q@gmail.com','q','2024-10-07',NULL,NULL),(183,'admin','2024-10-07 10:51:14','SAVE','Email','q','9876543210','Dealer','q','9876543210','q@gmail.com','q','2024-10-07',NULL,NULL),(184,'admin','2024-10-07 11:19:09','SAVE','Email','q','11','Dealer','q','9876909807','q@gmail.com','q','2024-10-07',NULL,NULL),(185,'admin','2024-10-07 11:21:48','SAVE','Email','q','','Distributor','q','0987654321','q@gmail.com','q','2024-10-08',NULL,NULL),(186,'admin','2024-10-07 11:26:53','SAVE','Email','','','Dealer','q','9876543210','q@gmail.com','q','2024-10-08',NULL,NULL),(187,'admin','2024-10-07 11:28:12','SAVE','Direct_other','','','Dealer','q','9876543210','q@gmail.com','asd','2024-10-07',NULL,NULL),(188,'admin','2024-10-07 11:31:00','SAVE','Email','q','','Dealer','q','9876543210','q@gmail.com','asdfghj','2024-10-07',NULL,NULL),(189,'admin','2024-10-07 11:32:30','SAVE','Direct_other','p','','Distributor','q','9876543210','q@gmail.com','qwe','2024-10-09',NULL,NULL),(190,'admin','2024-10-07 11:37:04','SAVE','Direct_other','','','Dealer','q','45678','sdfg@gmajk','345','0006-05-31',NULL,NULL),(191,'admin','2024-10-07 11:44:28','SAVE','Direct_other','q','0987654321','Dealer','q','9876543210','q@gmailk.com','asdfgh','2024-10-15',NULL,NULL),(192,'admin','2024-10-07 11:50:24','SAVE','Email','','','Dealer','q','','q@gmail.com','qwe','2024-10-07',NULL,NULL),(193,'admin','2024-10-07 11:54:57','SAVE','Email','','09876543210','Dealer','asd','9876543210','ghj@gmail.com','lorem ipsum','2024-10-16',NULL,NULL),(194,'admin','2024-10-07 12:11:26','SAVE','Email','Karan','09876543210','Dealer','asd','9876543210','ghj@gmail.com','lorem ipsum','2024-10-07',NULL,NULL),(195,NULL,'2024-10-07 12:16:22','SAVE','Email','','09876543210','Dealer','asd','9876543210','ghj@gmail.com','lorem ipsum','2024-10-01',NULL,NULL),(196,NULL,'2024-10-07 12:18:10','SAVE','Direct_other','','09876543210','Dealer','asd','9876543210','ghj@gmail.com','lorem ipsum','2024-10-09',NULL,NULL),(197,NULL,'2024-10-07 12:35:28','SAVE','Email','','09876543210','Dealer','asd','9876543210','ghj@gmail.com','q','2024-10-16',NULL,NULL),(198,NULL,'2024-10-07 15:38:07','SAVE','Email','','','Dealer','q','9876543210','q@gmail.com','q','2024-10-07',NULL,NULL);
/*!40000 ALTER TABLE `lead_details_header_form` ENABLE KEYS */;
UNLOCK TABLES;

--
-- Table structure for table `lead_details_middle_level_form`
--

DROP TABLE IF EXISTS `lead_details_middle_level_form`;
/*!40101 SET @saved_cs_client     = @@character_set_client */;
/*!50503 SET character_set_client = utf8mb4 */;
CREATE TABLE `lead_details_middle_level_form` (
  `id` int NOT NULL AUTO_INCREMENT,
  `record_no` varchar(45) DEFAULT NULL,
  `created_by` varchar(45) DEFAULT NULL,
  `created_date` varchar(45) DEFAULT NULL,
  `assigned_to` varchar(45) DEFAULT NULL,
  `query_start_date` varchar(45) DEFAULT NULL,
  `follow_up` varchar(45) DEFAULT NULL,
  `followup_reminder_frequency` varchar(45) DEFAULT NULL,
  `no_of_times` varchar(45) DEFAULT NULL,
  `query_end_date` varchar(45) DEFAULT NULL,
  `installation_required` varchar(45) DEFAULT NULL,
  `tentative_installation` varchar(45) DEFAULT NULL,
  `tentative_delivery_date` varchar(45) DEFAULT NULL,
  `updated_by` varchar(45) DEFAULT NULL,
  `updated_date` varchar(45) DEFAULT NULL,
  PRIMARY KEY (`id`)
) ENGINE=InnoDB AUTO_INCREMENT=83 DEFAULT CHARSET=utf8mb4 COLLATE=utf8mb4_0900_ai_ci;
/*!40101 SET character_set_client = @saved_cs_client */;

--
-- Dumping data for table `lead_details_middle_level_form`
--

LOCK TABLES `lead_details_middle_level_form` WRITE;
/*!40000 ALTER TABLE `lead_details_middle_level_form` DISABLE KEYS */;
INSERT INTO `lead_details_middle_level_form` VALUES (1,NULL,'LTESTUSER1','2024-09-16 07:59:19','qq','2024-09-06','q','2024-09-12','1234','2024-09-05','Yes','2024-09-16','2024-10-11',NULL,NULL),(2,NULL,'LTESTUSER1','2024-09-16 08:00:11','qq','2024-09-06','q','2024-09-12','1234','2024-09-05','Yes','2024-09-16','2024-10-11',NULL,NULL),(3,'','LTESTUSER1','2024-09-16 08:13:10','','','','','','','','','',NULL,NULL),(4,'35','LTESTUSER1','2024-09-16 08:14:26','qq','2024-09-06','q','2024-09-12','1234','2024-09-05','Yes','2024-09-16','2024-10-11',NULL,NULL),(5,'36','LTESTUSER1','2024-09-16 08:16:00','qq','2024-09-06','q','2024-09-12','1234','2024-09-05','Yes','2024-09-16','2024-10-11',NULL,NULL),(6,'37','LTESTUSER1','2024-09-16 08:16:23','qq','2024-09-06','q','2024-09-12','1234','2024-09-05','Yes','2024-09-16','2024-10-11',NULL,NULL),(7,'38','LTESTUSER1','2024-09-16 08:17:17','qq','2024-09-06','q','2024-09-12','1234','2024-09-05','Yes','2024-09-16','2024-10-11',NULL,NULL),(8,'39','LTESTUSER1','2024-09-16 08:21:30','qq','2024-09-06','q','2024-09-12','1234','2024-09-05','Yes','2024-09-16','2024-10-11',NULL,NULL),(9,'40','LTESTUSER1','2024-09-16 08:22:19','qq','2024-09-06','q','2024-09-12','1234','2024-09-05','Yes','2024-09-16','2024-10-11',NULL,NULL),(10,'41','admin','2024-09-16 08:55:19','qq','2024-09-06','q','2024-09-12','1234','2024-09-05','Yes','2024-09-16','2024-10-11',NULL,NULL),(11,'42','admin','2024-09-16 08:56:44','qq','2024-09-06','q','2024-09-12','1234','2024-09-05','Yes','2024-09-16','2024-10-11',NULL,NULL),(12,'45','','2024-09-16 10:28:48','qq','2024-09-06','q','2024-09-12','1234','2024-09-05','Yes','2024-09-16','2024-10-11',NULL,NULL),(13,'46','','2024-09-16 10:58:50','qq','2024-09-06','q','2024-09-12','1234','2024-09-05','Yes','2024-09-16','2024-10-11',NULL,NULL),(14,'47','','2024-09-16 10:59:23','qq','2024-09-06','q','2024-09-12','1234','2024-09-05','Yes','2024-09-16','2024-10-11',NULL,NULL),(15,'48','','2024-09-16 11:03:50','qq','2024-09-06','q','2024-09-12','1234','2024-09-05','Yes','2024-09-16','2024-10-11',NULL,NULL),(16,'49','','2024-09-16 11:28:02','qq','2024-09-06','q','2024-09-12','1234','2024-09-05','Yes','2024-09-16','2024-10-11',NULL,NULL),(17,'50','','2024-09-16 11:54:26','','','','','','','','','',NULL,NULL),(18,'51','','2024-09-16 15:57:45','','','','','','','','','',NULL,NULL),(19,'52','','2024-09-16 16:01:25','','','','','','','','','',NULL,NULL),(20,'53','','2024-09-16 16:49:21','','','','','','','','','',NULL,NULL),(21,'54','','2024-09-16 16:54:57','q','2024-09-18','q','2024-09-17','1','2024-09-21','Yes','2024-09-19','2024-09-18',NULL,NULL),(22,'55','','2024-09-16 17:06:15','','','','','','','','','',NULL,NULL),(23,'56','','2024-09-16 17:06:18','','','','','','','','','',NULL,NULL),(24,'57','','2024-09-16 17:06:41','','','','','','','','','',NULL,NULL),(25,'58','','2024-09-16 17:06:47','','','','','','','','','',NULL,NULL),(26,'59','','2024-09-16 17:06:48','','','','','','','','','',NULL,NULL),(27,'60','','2024-09-16 17:06:48','','','','','','','','','',NULL,NULL),(28,'61','','2024-09-16 17:06:48','','','','','','','','','',NULL,NULL),(29,'62','','2024-09-16 17:06:48','','','','','','','','','',NULL,NULL),(30,'63','','2024-09-16 17:08:03','','','','','','','','','',NULL,NULL),(31,'64','','2024-09-16 17:15:19','','','','','','','','','',NULL,NULL),(32,'65','','2024-09-16 17:16:37','','','','','','','','','',NULL,NULL),(33,'66','','2024-09-16 17:16:56','','','','','','','','','',NULL,NULL),(34,'67','','2024-09-16 17:17:58','q','2024-10-03','q','2024-09-27','1','2024-09-25','','','2024-09-10',NULL,NULL),(35,'68','','2024-09-16 17:22:16','qq','2024-09-19','q','2024-09-14','1234','2024-09-18','','','2024-09-04',NULL,NULL),(36,'69','','2024-09-16 17:30:39','','','','','','','','','',NULL,NULL),(37,'70','admin','2024-09-16 17:31:19','','','','','','','','','',NULL,NULL),(38,'71','admin','2024-09-16 17:31:55','','','','','','','','','',NULL,NULL),(39,'72','admin','2024-09-16 17:37:03','qq','','','','','','','','',NULL,NULL),(40,'73','admin','2024-09-16 17:39:49','qq','','','','','','','','',NULL,NULL),(41,'74','admin','2024-09-16 17:40:48','qq','','','','','','','','',NULL,NULL),(42,'75','admin','2024-09-16 17:43:22','qq','','','','','','','','',NULL,NULL),(43,'76','admin','2024-09-16 17:44:04','qq','','','','','','','','',NULL,NULL),(44,'133','admin','2024-09-18 08:08:59','qq','','','','','','','','',NULL,NULL),(45,'145','admin','2024-09-18 09:47:13','qq','','','','','','','','',NULL,NULL),(46,'158','admin','2024-09-18 11:57:54','qq','2024-09-20','asdf','2024-09-18','1','2024-09-18','Yes','2024-09-18','2024-09-18',NULL,NULL),(47,'169','admin','2024-09-18 11:57:54','qq','2024-09-21','q','2024-09-18','1','2024-09-18','No','2024-09-18','2024-09-18',NULL,NULL),(48,'170','admin','2024-09-18 11:57:54','Manish','2024-09-12','dubey','2024-09-26','123','2024-09-18','Yes','2024-09-18','2024-09-18',NULL,NULL),(49,'172','admin','2024-09-18 11:57:54','q','2024-09-18','title','2024-09-18','1','2024-09-18','Yes','2024-09-18','2024-09-18',NULL,NULL),(50,'174','admin','2024-09-18 11:57:54','Nakul','2024-09-18','Kum','2024-09-18','121','2024-09-19','Yes','2024-09-18','2024-09-18',NULL,NULL),(51,'175','admin','2024-09-18 14:59:12','Nikhil','2024-09-18','rules','2024-09-18','4','2024-09-27','Yes','2024-09-18','2024-09-18',NULL,NULL),(52,'176','admin','2024-09-18 15:20:24','Kiran','2024-09-25','new','2024-09-18','123','2024-09-18','Yes','2024-09-18','2024-09-01',NULL,NULL),(53,'178','admin','2024-10-05 09:02:36','Manish ','2024-12-11','Yes','2024-10-03','2','2024-10-03','Yes','2024-10-05','2024-10-05',NULL,NULL),(54,'179','admin','2024-10-05 09:08:41','Karan Singh','2029-04-29','Yes','2026-02-02','5','2027-02-03','Yes','2026-01-03','2025-02-02',NULL,NULL),(55,'177','admin','2024-10-05 09:08:41','Nakul','2029-04-29','Yes','2026-02-02','123','2027-02-03','Yes','2026-01-03','2024-09-01',NULL,NULL),(56,'178','admin','2024-10-05 09:08:41','Antosh','2024-12-11','Yes','2024-10-03','2','2024-10-03','Yes','2024-10-03','2024-10-05',NULL,NULL),(58,'179','admin','2024-10-05 09:08:41','Aman','2029-04-28','Yes','2026-02-02','10','2027-02-03','Yes','2026-01-03','2025-02-02',NULL,NULL),(59,'179','admin',NULL,'Sunil','2029-04-29','No','2026-02-02','10','2027-02-03','Yes','2026-01-03','2025-02-02',NULL,NULL),(60,'180','admin','2024-10-05 09:08:41','Pandat','2029-04-29','Yes','2026-02-02','11','2026-02-02','No','','2026-02-02',NULL,NULL),(61,'178','admin',NULL,'Vivek ','2024-12-20','No','2024-10-03','2','2024-10-05','Yes','2024-10-05','2024-10-05',NULL,NULL),(62,'180','admin',NULL,'Kamal','2029-04-29','No','2026-02-02','11','2026-02-02','No','','2026-02-02',NULL,NULL),(63,'181','admin',NULL,'Vivek','2024-10-07','No','2024-10-07','10','2024-10-07','Yes','2024-10-07','2024-10-07',NULL,NULL),(64,'182',NULL,'2024-10-07 10:47:44','qq','2024-10-07','','2024-10-07','10','2024-10-07','No','','2024-10-07',NULL,NULL),(65,'179',NULL,NULL,'VIvek','2029-04-29','Yes','2026-02-02','5','2027-02-03','Yes','2026-01-03','2025-02-02',NULL,NULL),(66,'184',NULL,'2024-10-07 11:19:43','qq','2024-10-09','','2024-10-09','2345','2024-12-31','No','','2024-11-01',NULL,NULL),(67,'185',NULL,'2024-10-07 11:22:12','qq','2024-10-10','','2024-10-01','2345','2024-11-09','No','','2024-10-07',NULL,NULL),(68,'186',NULL,'2024-10-07 11:27:17','qq','2024-10-07','','2024-10-09','100','2024-10-07','No','','2024-10-07',NULL,NULL),(69,'187',NULL,'2024-10-07 11:28:59','qq','2024-10-10','','2024-10-23','101','2024-10-15','No','','2024-10-04',NULL,NULL),(70,'189',NULL,'2024-10-07 11:32:56','qq','2024-10-25','','2024-10-16','45678','2024-10-16','Yes','2024-10-03','2024-10-30',NULL,NULL),(71,'190',NULL,'2024-10-07 11:38:00','Rajesh','2024-10-17','','2024-11-04','1233','2024-10-08','Yes','2024-10-16','2024-10-24',NULL,NULL),(72,'179',NULL,NULL,'Anuj Kumar','2029-04-29','Yes','2026-02-02','5','2027-02-03','Yes','2026-01-03','2025-02-02',NULL,NULL),(73,'191',NULL,'2024-10-07 11:45:22','qq','2024-10-24','','2024-10-22','12345','2024-10-16','No','','2024-10-10',NULL,NULL),(74,'192',NULL,'2024-10-07 11:50:59','qq','2024-10-03','Yes','2024-10-23','12345','2024-10-11','Yes','2024-10-15','2024-10-10',NULL,NULL),(75,'193',NULL,'2024-10-07 11:55:46','Karan','2024-10-03','Yes','2024-10-08','23456','2024-10-17','Yes','2024-10-16','2024-10-17',NULL,NULL),(76,'194',NULL,'2024-10-07 12:11:58','Nakul','2024-10-09','Yes','2024-10-08','12','2024-10-17','Yes','2024-10-09','2024-10-07',NULL,NULL),(77,'195',NULL,'2024-10-07 12:17:15','Nakul','2024-11-01','Yes','2024-10-23','123456','2024-10-09','Yes','2024-10-16','2024-10-22',NULL,NULL),(78,'196',NULL,'2024-10-07 12:18:54','Nakul','2024-10-24','No','2024-10-15','12','2024-10-17','Yes','2024-10-02','2024-10-24',NULL,NULL),(79,'197',NULL,'2024-10-07 12:36:36','Rajesh','2024-10-17','No','2024-10-07','12','2024-10-07','Yes','2024-10-07','2024-10-07',NULL,NULL),(80,'197',NULL,NULL,'Vivek Tiwari','2024-10-17','No','2024-10-07','121','2024-10-07','Yes','2024-10-31','2024-10-31',NULL,NULL),(81,'198',NULL,'2024-10-07 15:38:44','Nakul','2024-10-15','No','2024-10-16','123','2024-11-07','Yes','2024-10-17','2024-10-01',NULL,NULL),(82,'198',NULL,NULL,'Aman','2024-10-15','Yes','2024-10-16','11','2024-11-07','Yes','2024-10-17','2024-10-01',NULL,NULL);
/*!40000 ALTER TABLE `lead_details_middle_level_form` ENABLE KEYS */;
UNLOCK TABLES;

--
-- Table structure for table `lead_gen_followup_data`
--

DROP TABLE IF EXISTS `lead_gen_followup_data`;
/*!40101 SET @saved_cs_client     = @@character_set_client */;
/*!50503 SET character_set_client = utf8mb4 */;
CREATE TABLE `lead_gen_followup_data` (
  `s_no` int NOT NULL AUTO_INCREMENT,
  `record_no` varchar(45) DEFAULT NULL,
  `follow_up_start_date` varchar(45) DEFAULT NULL,
  `follow_up_end_date` varchar(45) DEFAULT NULL,
  `remarks` varchar(45) DEFAULT NULL,
  `remind_date` varchar(45) DEFAULT NULL,
  `created_by` varchar(45) DEFAULT NULL,
  `created_date` varchar(45) DEFAULT NULL,
  `updated_by` varchar(45) DEFAULT NULL,
  `updated_date` varchar(45) DEFAULT NULL,
  PRIMARY KEY (`s_no`)
) ENGINE=InnoDB AUTO_INCREMENT=36 DEFAULT CHARSET=utf8mb4 COLLATE=utf8mb4_0900_ai_ci;
/*!40101 SET character_set_client = @saved_cs_client */;

--
-- Dumping data for table `lead_gen_followup_data`
--

LOCK TABLES `lead_gen_followup_data` WRITE;
/*!40000 ALTER TABLE `lead_gen_followup_data` DISABLE KEYS */;
INSERT INTO `lead_gen_followup_data` VALUES (1,NULL,'','','','',NULL,NULL,NULL,NULL),(2,NULL,'','','','',NULL,NULL,NULL,NULL),(3,NULL,'','','','',NULL,NULL,NULL,NULL),(4,NULL,'','','','',NULL,NULL,NULL,NULL),(5,NULL,'','','','',NULL,NULL,NULL,NULL),(6,NULL,'','','','',NULL,NULL,NULL,NULL),(7,NULL,'','','','',NULL,NULL,NULL,NULL),(8,NULL,'','','','',NULL,NULL,NULL,NULL),(9,NULL,'','','','',NULL,NULL,NULL,NULL),(10,NULL,'','','','',NULL,NULL,NULL,NULL),(11,NULL,'','','','',NULL,NULL,NULL,NULL),(12,NULL,'','','','',NULL,NULL,NULL,NULL),(13,NULL,'','','','',NULL,NULL,NULL,NULL),(14,NULL,'','','','',NULL,NULL,NULL,NULL),(15,NULL,'','','','',NULL,NULL,NULL,NULL),(16,NULL,'','','','',NULL,NULL,NULL,NULL),(17,NULL,'','','','',NULL,NULL,NULL,NULL),(18,NULL,'','','','',NULL,NULL,NULL,NULL),(19,NULL,'','','','',NULL,NULL,NULL,NULL),(20,NULL,'','','','',NULL,NULL,NULL,NULL),(21,NULL,'2024-10-17','2024-10-07','abc','2024-10-07',NULL,NULL,NULL,NULL),(22,NULL,'','','','',NULL,NULL,NULL,NULL),(23,NULL,'2024-10-07','2024-10-15','abc','2024-10-24',NULL,NULL,NULL,NULL),(24,NULL,'2024-10-08','2024-10-08','abc','2024-10-08',NULL,NULL,NULL,NULL),(31,NULL,'2024-10-24','2024-10-23','ABC','2024-10-30',NULL,NULL,NULL,NULL),(32,'','2024-10-07','2024-10-06','101','2024-10-29',NULL,NULL,NULL,NULL),(33,'196','2024-10-04','2024-10-09','abc','2024-11-07',NULL,NULL,NULL,NULL),(34,'197','2024-10-31','2024-10-31','ABC','2024-10-08',NULL,NULL,NULL,NULL),(35,'198','2024-10-03','2024-10-16','abc','2024-10-31',NULL,NULL,NULL,NULL);
/*!40000 ALTER TABLE `lead_gen_followup_data` ENABLE KEYS */;
UNLOCK TABLES;

--
-- Dumping events for database 'for_office'
--

--
-- Dumping routines for database 'for_office'
--
/*!40103 SET TIME_ZONE=@OLD_TIME_ZONE */;

/*!40101 SET SQL_MODE=@OLD_SQL_MODE */;
/*!40014 SET FOREIGN_KEY_CHECKS=@OLD_FOREIGN_KEY_CHECKS */;
/*!40014 SET UNIQUE_CHECKS=@OLD_UNIQUE_CHECKS */;
/*!40101 SET CHARACTER_SET_CLIENT=@OLD_CHARACTER_SET_CLIENT */;
/*!40101 SET CHARACTER_SET_RESULTS=@OLD_CHARACTER_SET_RESULTS */;
/*!40101 SET COLLATION_CONNECTION=@OLD_COLLATION_CONNECTION */;
/*!40111 SET SQL_NOTES=@OLD_SQL_NOTES */;

-- Dump completed on 2024-10-07 19:42:16
